{"nid_1":[-2964.1087773045992,1785.9023212786074],"nid_2":[-2765.1979647725416,1788.5517791167579],"nid_3":[-2564.3913968170773,1788.8260446930176],"nid_4":[-2373.3321380543957,1790.638818039936],"nid_5":[-2185.0781850932544,1792.2228482325775],"nid_6":[-1999.6161765341826,1789.0657912227778],"nid_7":[-1805.340255376143,1791.514445547528],"nid_8":[-1631.1039069402052,1792.429285288257],"nid_9":[-1455.2088166147694,1791.5984280535572],"nid_10":[-1280.6134776581116,1802.8870708036948],"nid_11":[-1104.1704427781435,1804.7081786640651],"nid_12":[-921.8245375815486,1803.6579654527964],"nid_13":[-728.5683380325461,1804.7691219962426],"nid_15":[-592.3595440050004,1697.8291182208632],"nid_14":[-507.71390152528573,1802.3792763533797],"nid_17":[-426.5617282032399,1639.7141077017436],"nid_16":[-309.21858160646804,1803.7617222397325],"nid_19":[-233.0283988860515,1591.4156877661633],"nid_18":[-104.14340922854797,1794.3163121261],"nid_20":[39.744969511511385,1786.343353055814],"nid_21":[29.275579638874234,1546.8586629408312],"nid_22":[190.67766538813862,1777.102410846131],"nid_23":[245.66870778015095,1528.1344924793882],"nid_26":[331.3833752912335,1773.1404108902548],"nid_24":[377.4850635866013,1671.5325856267643],"nid_25":[362.5743339068746,1513.7314914251424],"nid_29":[470.0847367995948,1760.6430922246768],"nid_27":[501.6328279251635,1642.2228546267716],"nid_28":[487.3824177289107,1499.8461624330653],"nid_30":[596.0305000256365,1613.6175481000064],"nid_31":[588.2687657367917,1486.1464532918917],"nid_32":[657.6808019246994,1751.584162554794],"nid_33":[735.6788440013044,1583.3501809352513],"nid_34":[727.2353801549784,1455.5850954729926],"nid_36":[820.5494868778164,1670.667368095284],"nid_35":[824.1091317929429,1745.3714316227542],"nid_39":[913.9964726041685,1742.1836016304414],"nid_40":[907.5663228934566,1654.5385218171728],"nid_37":[922.8746200843402,1531.7146795765193],"nid_38":[909.4502602788896,1428.6660909664488],"nid_42":[1004.0965735206087,1414.0548658444761],"nid_43":[1064.122747473465,1730.5792081736486],"nid_44":[1054.06039787774,1627.4234043734727],"nid_41":[1115.2510056744468,1479.6017740926993],"nid_45":[1241.989806827447,1550.200969188212],"nid_47":[1316.1986355178124,1699.8309293575749],"nid_48":[1367.5032183749295,1498.3980070328544],"nid_49":[1494.5213149169329,1677.0765739141468],"nid_50":[1640.7108809921501,1575.4426033474533],"nid_52":[1657.6388163781774,1399.9164028048858],"nid_51":[1752.764795063208,1654.8276560531194],"nid_53":[1875.7844930491956,1640.5362902763814],"nid_54":[1896.3506129430757,1488.3033797506282],"nid_55":[1868.87249969987,1353.764718207043],"nid_56":[2027.7350526217888,1628.5452134082414],"nid_57":[2096.3282044567613,1441.3897917276438],"nid_58":[2076.2074714134933,1307.302538574294],"nid_59":[2207.5167639315173,1616.0920933289253],"nid_60":[2250.4490387153646,1342.8967933637684],"nid_61":[2397.896037348929,1610.416301341792],"nid_62":[2393.255232528485,1321.1356778273152],"nid_64":[2457.892054004487,1230.779297008067],"nid_65":[2515.4387887617954,1310.4997513418741],"nid_63":[2595.973078496834,1599.7280359055846],"nid_69":[2630.8402230690613,1207.980983997699],"nid_66":[2787.8842799045433,1581.4390710886105],"nid_70":[2807.2027092368867,1290.6256146980568],"nid_71":[2957.466096531549,1448.6216615391572],"nid_73":[3126.2133490561146,1444.3290582504192],"nid_74":[3285.727184130708,1437.9046886603624],"nid_75":[3459.833011120717,1438.7627184222608],"nid_76":[3592.8105861881777,1440.8432734522448],"nid_77":[3707.501574939627,1434.1533820069403],"nid_78":[3809.5469921962645,1429.9511956961865]}