{"nid_1":[-2111.83261379334,808.3916059556284],"nid_2":[-1956.708506541599,818.7837600794578],"nid_3":[-1789.3440518759262,825.8331169132954],"nid_4":[-1614.107590799158,833.7010305103471],"nid_5":[-1440.6542569645844,846.9855912433173],"nid_6":[-1268.0085919241174,855.0054710930934],"nid_7":[-1111.611728518584,858.9170696452703],"nid_8":[-950.1512541672657,864.7897903586756],"nid_9":[-788.4344728423877,866.4270234042899],"nid_10":[-631.1547226734033,877.1583710059784],"nid_11":[-475.9744718435609,873.9109650311751],"nid_12":[-312.98514854173607,886.565603445402],"nid_14":[-192.20581551190284,794.3684309075389],"nid_13":[-135.7496970458722,887.9384772062907],"nid_16":[-42.86663696225743,739.4617128233365],"nid_15":[18.238450776652343,889.6243745476576],"nid_18":[98.27976936962379,715.5376909827955],"nid_17":[161.9437149726107,885.9415609411012],"nid_20":[220.5940290151181,699.620983021175],"nid_19":[291.2515747697154,883.9575853304161],"nid_23":[420.26478579850794,892.1978825700917],"nid_21":[450.40344968023476,776.1858395716324],"nid_22":[430.65758878548513,671.0094175702343],"nid_26":[525.8180087552124,889.2609432807724],"nid_24":[554.3883629371023,737.7443100693233],"nid_25":[544.9372759911759,654.8954530857266],"nid_29":[647.722706139681,895.6485324983585],"nid_27":[672.307337303054,713.5424144940603],"nid_28":[670.714187769417,632.3638207506008],"nid_32":[751.8068681751621,900.719297897187],"nid_30":[760.1538863442464,699.6094946564587],"nid_31":[754.7011477015742,619.8797087125006],"nid_33":[820.886085268502,692.113619780053],"nid_34":[816.3809775108865,615.5245385845822],"nid_35":[867.5950973933014,903.0637180481042],"nid_36":[911.7571825866942,682.2716858941001],"nid_37":[906.4179394081522,604.5569553453761],"nid_39":[968.7321978266286,821.566772323393],"nid_38":[974.5129454614053,903.0099488291896],"nid_42":[1027.2756327849074,904.5521629626036],"nid_43":[1029.5821362614424,804.256994588862],"nid_40":[1042.9880247116857,671.2116433202692],"nid_41":[1029.7895786784825,593.6804610612012],"nid_45":[1086.0679174611296,591.2066815291269],"nid_44":[1122.319757172178,664.2425732794089],"nid_48":[1156.6635582562817,783.5718152569231],"nid_47":[1163.4586214651797,900.7560544985188],"nid_49":[1215.543343187719,658.2644960069579],"nid_51":[1256.497307068189,763.9824516096126],"nid_54":[1306.447117134619,900.8030123051019],"nid_56":[1373.5823633858504,761.0790363005117],"nid_50":[1425.469677250192,680.8764280010166],"nid_55":[1522.0875696484427,682.1931989330876],"nid_57":[1558.1647858727506,898.3688046959169],"nid_58":[1632.1817309676846,803.6928362289104],"nid_60":[1610.134195042308,683.5188250653346],"nid_59":[1685.1911405920937,910.1917598328384],"nid_61":[1781.0718571057216,906.2650680227592],"nid_62":[1791.9376355188163,745.1585938604841],"nid_63":[1783.4893188472533,673.9839457933916],"nid_64":[1888.4309770828263,905.7419726497192],"nid_65":[1903.750798991458,733.6825946159267],"nid_66":[1898.5517333205617,673.0933093598351],"nid_67":[2001.5686427451747,902.039216588619],"nid_68":[2022.2588005153998,714.2299654063509],"nid_70":[2134.0573333091243,682.6958379217875],"nid_69":[2199.3477616106325,889.3300016187334],"nid_74":[2216.877308610711,645.5049486303508],"nid_73":[2309.763300932199,891.855080734915],"nid_77":[2356.422253727591,662.7221188408463],"nid_81":[2414.1216912465834,607.8754618946416],"nid_78":[2448.235453526774,885.0531856788366],"nid_82":[2472.9591593725872,695.1224091283211],"nid_85":[2591.0758045090306,746.8903507705737],"nid_83":[2711.1254867386483,891.3657653862019],"nid_86":[2900.3892478180123,876.1677376702023],"nid_87":[3056.3621634341716,867.54137655565],"nid_88":[3219.0773415032904,861.1799802499081],"nid_89":[3364.7058443576325,869.8984553869238],"nid_90":[3456.6678654302746,872.5631717140559],"nid_91":[3553.934254178746,869.8016630257341]}