{"nid_52":[-1010.7730241984544,-55.63819509482127],"nid_73":[-991.8389371104033,-168.4709044974631],"nid_1":[-1014.330081409654,46.21640785932149],"nid_74":[-900.770288019494,-185.4841629962847],"nid_2":[-891.3071912505724,44.40753695722816],"nid_53":[-854.5214385512279,-90.96398866330728],"nid_3":[-810.1796666504467,137.33270350176588],"nid_24":[-757.6200899373781,14.970524904661005],"nid_102":[-438.9248883596132,-276.3861733826218],"nid_54":[-690.9446757835339,-128.2495312932753],"nid_75":[-550.5803970646475,-240.11011162804903],"nid_55":[-543.502704527891,-42.32416667846968],"nid_25":[-627.2469791981193,75.9090700102208],"nid_76":[-430.66756683651306,-149.0097802703565],"nid_77":[-425.6706559730445,26.892716404244197],"nid_4":[-564.5067017983201,152.2685743631258],"nid_56":[-333.1457601841596,-65.94696852450866],"nid_5":[-470.52371795407635,222.52515135352672],"nid_78":[-227.02150529887103,-26.282034580137292],"nid_57":[-298.792399666007,79.96602723760168],"nid_58":[-167.9554578453891,131.07544543015888],"nid_26":[-334.20037962878155,227.00016344915866],"nid_104":[-68.58919269203727,-110.87889736095468],"nid_6":[-186.03764961858815,287.6839425544795],"nid_27":[-15.181180584987032,186.4245106455569],"nid_79":[83.16544131482715,-148.16927034235744],"nid_105":[150.88779418955937,-251.8789439133356],"nid_28":[-7.781216660459222,355.828351591705],"nid_80":[257.6996441599017,-154.1863966717188],"nid_7":[129.7758680593538,225.3737604162983],"nid_29":[172.10807592860647,394.8404640807122],"nid_8":[271.20547284427903,257.5390473670484],"nid_81":[407.04538995131134,-175.19312977460174],"nid_30":[330.019130217068,422.6805349116047],"nid_9":[422.1122637601934,270.4574374420174],"nid_82":[528.5018756797463,-209.01959541903489],"nid_10":[585.1927410741889,293.3438858132041],"nid_83":[665.128725092339,-237.02663608598937],"nid_31":[505.0517778936452,439.75959143672196],"nid_33":[747.5074194103227,276.8886406294986],"nid_84":[818.627667354714,-176.04485972906048],"nid_11":[664.7325506553652,438.3709911510334],"nid_59":[814.7377197762637,-342.89015506859414],"nid_60":[944.564158551706,-170.98685158749709],"nid_12":[825.457424158347,412.02191548527117],"nid_85":[977.6977671596783,-301.0090118340605],"nid_35":[881.1582068816092,266.7735009110447],"nid_86":[1128.2466296526345,-297.538268427998],"nid_106":[1079.8269595408003,-448.0021977546114],"nid_13":[967.8203904087154,342.55541311417426],"nid_107":[1220.3935109371444,-416.6460399184232],"nid_14":[1113.4117149296567,252.42068515653216],"nid_15":[1242.9402545139742,327.441388876897],"nid_87":[1371.3944628457361,-427.26450099650674],"nid_36":[1258.8110884195607,165.9418235088591],"nid_61":[1474.7734739488624,-312.05070286569276],"nid_37":[1429.4105847482072,225.71074030651766],"nid_63":[1624.86270812231,-393.98961541704944],"nid_88":[1498.8687256911217,-544.4614318991553],"nid_66":[1484.92631757861,95.06226542074944],"nid_65":[1707.1465438646237,-567.9039141110384],"nid_90":[1604.2489167147378,-670.8503474905347],"nid_38":[1604.6244105284068,174.93239422333966],"nid_39":[1801.5601832923103,192.30212743213474],"nid_16":[1713.6412710705386,19.58283382360281],"nid_40":[1904.6487792828148,54.46260255940797],"nid_41":[2102.7933051044447,143.92467304990566],"nid_68":[1988.3564567176848,-105.29614620477395],"nid_70":[2130.622114762718,-108.6028333225953],"nid_42":[2205.8545920419374,47.06098715690129],"nid_18":[2252.2746350714087,-124.41535013166617],"nid_19":[2422.43793020672,-75.39465059577373],"nid_20":[2486.406638866283,-195.71280936195126],"nid_43":[2553.850005778264,-37.63038717673999],"nid_44":[2601.0461972045623,-184.27519438786112],"nid_108":[1838.7224735022698,-673.4331793528369],"nid_109":[1738.123300047021,-776.7189540229117],"nid_116":[-840.6353684431075,214.52799614232845],"nid_67":[-1027.796576851215,314.4822014064184],"nid_92":[-873.5259507017823,303.56854467776816],"nid_93":[-890.7417187628832,435.62155295850357],"nid_117":[-745.0077802108476,376.8130923595545],"nid_94":[-691.9189570246544,542.7365603991557],"nid_118":[-837.7314307639269,621.300395615951],"nid_119":[-536.5390451500953,611.0640826687778],"nid_95":[-640.2747509901192,710.5189661321813],"nid_96":[-509.00066514285777,746.5321449784478],"nid_97":[-375.16903948563197,663.3360008638656],"nid_23":[-483.1249890155136,927.8735974166912],"nid_50":[-432.2388317547543,824.4937691298833],"nid_51":[-350.8223648325229,943.8231044318397],"nid_71":[-306.3526287537851,808.0221230756749],"nid_98":[-212.24439229725272,645.3857373588917],"nid_120":[-200.21045331199718,492.2229486674714],"nid_122":[-44.76317456936863,491.1463822439255],"nid_99":[-43.5675625539933,678.3442267944233],"nid_72":[-138.31394742090663,866.4647630674135],"nid_100":[109.49897817374108,793.478791443616],"nid_124":[173.4764395884402,621.4320504747607]}