{"nid_1":[-3750.287965020597,-140.96230795797726],"nid_2":[-3505.8594005236373,-145.174236541475],"nid_3":[-3245.2620869051334,-140.98281420425394],"nid_4":[-2994.1255617819943,-130.08730001826507],"nid_5":[-2746.421659110562,-134.2353812306868],"nid_6":[-2479.960249226867,-145.5129610749716],"nid_7":[-2231.04292747031,-157.08157854406068],"nid_8":[-1969.7736116642973,-160.13555990416603],"nid_9":[-1715.9651818243487,-155.15403968369037],"nid_10":[-1438.8114519850756,-156.0177078303244],"nid_11":[-1161.3341363320442,-171.07980031869698],"nid_12":[-900.5254956053961,-184.2302536242437],"nid_14":[-587.0838563752839,-519.037666469055],"nid_13":[-604.8356987028714,-204.99588631535897],"nid_15":[-403.6069858249517,-435.55786318753877],"nid_16":[-409.375954685069,-636.4569399403208],"nid_17":[-408.6429875315786,-199.23103612179904],"nid_20":[-223.71486074554707,-190.9843861177916],"nid_19":[-214.3650133375343,-687.9865527662303],"nid_18":[-229.9130980581192,-486.16577633811016],"nid_23":[-26.534897820714832,-184.13252762742127],"nid_22":[-39.74772602231458,-738.4702050761412],"nid_21":[-31.070683606844796,-506.81841219126295],"nid_25":[154.85391529362334,-774.061748371076],"nid_24":[160.0992229421255,-525.325834525474],"nid_26":[174.31388914400418,-183.1513410744492],"nid_27":[373.7257085678549,-552.8698381999108],"nid_28":[345.7812371074763,-808.189765802876],"nid_29":[389.51325716782367,-188.46556915757026],"nid_30":[562.7216716948305,-577.9533971543672],"nid_31":[543.2411667459461,-818.3141924271274],"nid_32":[609.9151966958573,-192.2358981692248],"nid_34":[694.7948291294283,-829.4363817514627],"nid_33":[744.04977422684,-601.6361409910119],"nid_36":[771.541753863667,-193.376732556594],"nid_37":[771.3712701679838,-384.1001734940784],"nid_41":[926.0237609018905,-429.8578076672924],"nid_40":[1014.8614568216376,-518.0847020780819],"nid_42":[1069.38631953896,-209.11251076396866],"nid_46":[1138.669092261485,-330.66112340334905],"nid_45":[1219.5564860687737,-478.6542375064387],"nid_47":[1295.7161345433028,-227.0855932733346],"nid_50":[1419.1399503579617,-613.0545426964882],"nid_49":[1436.3331463770144,-455.94569929946624],"nid_48":[1475.3070188007587,-235.20201334903936],"nid_52":[1630.7162801277823,-471.8547398134542],"nid_53":[1628.6923048182955,-645.4607914793643],"nid_51":[1633.5776577278489,-240.3788274304809],"nid_55":[1793.7503316370703,-458.9631669343214],"nid_56":[1775.1441370781451,-659.498782858654],"nid_54":[1812.4787155668382,-245.94138848718376],"nid_57":[1983.9749310875986,-262.90646954582985],"nid_58":[1958.8354077965328,-539.6136200839692],"nid_60":[2093.143965052329,-547.1675645142518],"nid_59":[2203.2581369639497,-271.30811885727917],"nid_64":[2329.41457599623,-399.039874483399],"nid_65":[2446.226234676575,-284.84008518180065],"nid_69":[2666.39943968766,-295.15598250626147],"nid_70":[2893.626505960388,-296.5046194842257]}